{
  "service": {
    "service": "test-python-new",
    "serviceObject": {
      "name": "test-python-new"
    },
    "provider": {
      "name": "aws",
      "runtime": "python3.8",
      "stage": "dev",
      "region": "us-east-1",
      "versionFunctions": true,
      "compiledCloudFormationTemplate": {
        "AWSTemplateFormatVersion": "2010-09-09",
        "Description": "The AWS CloudFormation template for this Serverless application",
        "Resources": {
          "ServerlessDeploymentBucket": {
            "Type": "AWS::S3::Bucket",
            "Properties": {
              "BucketEncryption": {
                "ServerSideEncryptionConfiguration": [
                  {
                    "ServerSideEncryptionByDefault": {
                      "SSEAlgorithm": "AES256"
                    }
                  }
                ]
              }
            }
          },
          "ServerlessDeploymentBucketPolicy": {
            "Type": "AWS::S3::BucketPolicy",
            "Properties": {
              "Bucket": {
                "Ref": "ServerlessDeploymentBucket"
              },
              "PolicyDocument": {
                "Statement": [
                  {
                    "Action": "s3:*",
                    "Effect": "Deny",
                    "Principal": "*",
                    "Resource": [
                      {
                        "Fn::Join": [
                          "",
                          [
                            "arn:",
                            {
                              "Ref": "AWS::Partition"
                            },
                            ":s3:::",
                            {
                              "Ref": "ServerlessDeploymentBucket"
                            },
                            "/*"
                          ]
                        ]
                      },
                      {
                        "Fn::Join": [
                          "",
                          [
                            "arn:",
                            {
                              "Ref": "AWS::Partition"
                            },
                            ":s3:::",
                            {
                              "Ref": "ServerlessDeploymentBucket"
                            }
                          ]
                        ]
                      }
                    ],
                    "Condition": {
                      "Bool": {
                        "aws:SecureTransport": false
                      }
                    }
                  }
                ]
              }
            }
          },
          "HelloLogGroup": {
            "Type": "AWS::Logs::LogGroup",
            "Properties": {
              "LogGroupName": "/aws/lambda/test-python-new-dev-hello"
            }
          },
          "IamRoleLambdaExecution": {
            "Type": "AWS::IAM::Role",
            "Properties": {
              "AssumeRolePolicyDocument": {
                "Version": "2012-10-17",
                "Statement": [
                  {
                    "Effect": "Allow",
                    "Principal": {
                      "Service": [
                        "lambda.amazonaws.com"
                      ]
                    },
                    "Action": [
                      "sts:AssumeRole"
                    ]
                  }
                ]
              },
              "Policies": [
                {
                  "PolicyName": {
                    "Fn::Join": [
                      "-",
                      [
                        "test-python-new",
                        "dev",
                        "lambda"
                      ]
                    ]
                  },
                  "PolicyDocument": {
                    "Version": "2012-10-17",
                    "Statement": [
                      {
                        "Effect": "Allow",
                        "Action": [
                          "logs:CreateLogStream",
                          "logs:CreateLogGroup"
                        ],
                        "Resource": [
                          {
                            "Fn::Sub": "arn:${AWS::Partition}:logs:${AWS::Region}:${AWS::AccountId}:log-group:/aws/lambda/test-python-new-dev*:*"
                          }
                        ]
                      },
                      {
                        "Effect": "Allow",
                        "Action": [
                          "logs:PutLogEvents"
                        ],
                        "Resource": [
                          {
                            "Fn::Sub": "arn:${AWS::Partition}:logs:${AWS::Region}:${AWS::AccountId}:log-group:/aws/lambda/test-python-new-dev*:*:*"
                          }
                        ]
                      }
                    ]
                  }
                }
              ],
              "Path": "/",
              "RoleName": {
                "Fn::Join": [
                  "-",
                  [
                    "test-python-new",
                    "dev",
                    {
                      "Ref": "AWS::Region"
                    },
                    "lambdaRole"
                  ]
                ]
              }
            }
          },
          "TestLambdaLayer": {
            "Type": "AWS::Lambda::LayerVersion",
            "Properties": {
              "Content": {
                "S3Bucket": {
                  "Ref": "ServerlessDeploymentBucket"
                },
                "S3Key": "serverless/test-python-new/dev/1676498268056-2023-02-15T21:57:48.056Z/test.zip"
              },
              "LayerName": "serveless-test"
            }
          },
          "HelloLambdaFunction": {
            "Type": "AWS::Lambda::Function",
            "Properties": {
              "Code": {
                "S3Bucket": {
                  "Ref": "ServerlessDeploymentBucket"
                },
                "S3Key": "serverless/test-python-new/dev/1676498268056-2023-02-15T21:57:48.056Z/test-python-new.zip"
              },
              "Handler": "handler.lambda_handler",
              "Runtime": "python3.8",
              "FunctionName": "test-python-new-dev-hello",
              "MemorySize": 1024,
              "Timeout": 6,
              "Role": {
                "Fn::GetAtt": [
                  "IamRoleLambdaExecution",
                  "Arn"
                ]
              },
              "Layers": [
                {
                  "Ref": "TestLambdaLayer"
                }
              ]
            },
            "DependsOn": [
              "HelloLogGroup"
            ]
          },
          "HelloLambdaVersionAaWrwbMRuEdx8ilHUUUyDiUCuPaAsVFr7L6J1D29E": {
            "Type": "AWS::Lambda::Version",
            "DeletionPolicy": "Retain",
            "Properties": {
              "FunctionName": {
                "Ref": "HelloLambdaFunction"
              },
              "CodeSha256": "ULKFug6wApmPwnp9ul1IeNuh94C4GjlBq++eEUK3wJk="
            }
          }
        },
        "Outputs": {
          "ServerlessDeploymentBucketName": {
            "Value": {
              "Ref": "ServerlessDeploymentBucket"
            },
            "Export": {
              "Name": "sls-test-python-new-dev-ServerlessDeploymentBucketName"
            }
          },
          "TestLambdaLayerQualifiedArn": {
            "Description": "Current Lambda layer version",
            "Value": {
              "Ref": "TestLambdaLayer"
            },
            "Export": {
              "Name": "sls-test-python-new-dev-TestLambdaLayerQualifiedArn"
            }
          },
          "TestLambdaLayerHash": {
            "Description": "Current Lambda layer hash",
            "Value": "86fed5b67db806c0cabf5db4721175685fa96d7d",
            "Export": {
              "Name": "sls-test-python-new-dev-TestLambdaLayerHash"
            }
          },
          "TestLambdaLayerS3Key": {
            "Description": "Current Lambda layer S3Key",
            "Value": "serverless/test-python-new/dev/1676498268056-2023-02-15T21:57:48.056Z/test.zip",
            "Export": {
              "Name": "sls-test-python-new-dev-TestLambdaLayerS3Key"
            }
          },
          "HelloLambdaFunctionQualifiedArn": {
            "Description": "Current Lambda function version",
            "Value": {
              "Ref": "HelloLambdaVersionAaWrwbMRuEdx8ilHUUUyDiUCuPaAsVFr7L6J1D29E"
            },
            "Export": {
              "Name": "sls-test-python-new-dev-HelloLambdaFunctionQualifiedArn"
            }
          }
        }
      },
      "coreCloudFormationTemplate": {
        "AWSTemplateFormatVersion": "2010-09-09",
        "Description": "The AWS CloudFormation template for this Serverless application",
        "Resources": {
          "ServerlessDeploymentBucket": {
            "Type": "AWS::S3::Bucket",
            "Properties": {
              "BucketEncryption": {
                "ServerSideEncryptionConfiguration": [
                  {
                    "ServerSideEncryptionByDefault": {
                      "SSEAlgorithm": "AES256"
                    }
                  }
                ]
              }
            }
          },
          "ServerlessDeploymentBucketPolicy": {
            "Type": "AWS::S3::BucketPolicy",
            "Properties": {
              "Bucket": {
                "Ref": "ServerlessDeploymentBucket"
              },
              "PolicyDocument": {
                "Statement": [
                  {
                    "Action": "s3:*",
                    "Effect": "Deny",
                    "Principal": "*",
                    "Resource": [
                      {
                        "Fn::Join": [
                          "",
                          [
                            "arn:",
                            {
                              "Ref": "AWS::Partition"
                            },
                            ":s3:::",
                            {
                              "Ref": "ServerlessDeploymentBucket"
                            },
                            "/*"
                          ]
                        ]
                      },
                      {
                        "Fn::Join": [
                          "",
                          [
                            "arn:",
                            {
                              "Ref": "AWS::Partition"
                            },
                            ":s3:::",
                            {
                              "Ref": "ServerlessDeploymentBucket"
                            }
                          ]
                        ]
                      }
                    ],
                    "Condition": {
                      "Bool": {
                        "aws:SecureTransport": false
                      }
                    }
                  }
                ]
              }
            }
          }
        },
        "Outputs": {
          "ServerlessDeploymentBucketName": {
            "Value": {
              "Ref": "ServerlessDeploymentBucket"
            }
          }
        }
      },
      "vpc": {}
    },
    "pluginsData": {},
    "functions": {
      "hello": {
        "handler": "handler.lambda_handler",
        "layers": {
          "$ref": "$[\"service\"][\"provider\"][\"compiledCloudFormationTemplate\"][\"Resources\"][\"HelloLambdaFunction\"][\"Properties\"][\"Layers\"]"
        },
        "events": [],
        "name": "test-python-new-dev-hello",
        "package": {},
        "memory": 1024,
        "timeout": 6,
        "runtime": "python3.8",
        "vpc": {},
        "versionLogicalId": "HelloLambdaVersionAaWrwbMRuEdx8ilHUUUyDiUCuPaAsVFr7L6J1D29E"
      }
    },
    "configValidationMode": "warn",
    "serviceFilename": "serverless.yml",
    "initialServerlessConfig": {
      "service": "test-python-new",
      "frameworkVersion": "3",
      "provider": {
        "$ref": "$[\"service\"][\"provider\"]"
      },
      "functions": {
        "$ref": "$[\"service\"][\"functions\"]"
      },
      "layers": {
        "test": {
          "path": "./layers",
          "name": "serveless-test",
          "package": {
            "artifact": "/home/danish/Documents/Jenkins_serverless/jenkins_serverless/.serverless/test.zip"
          }
        }
      }
    },
    "layers": {
      "$ref": "$[\"service\"][\"initialServerlessConfig\"][\"layers\"]"
    },
    "isDashboardMonitoringPreconfigured": false,
    "artifact": "/home/danish/Documents/Jenkins_serverless/jenkins_serverless/.serverless/test-python-new.zip"
  },
  "package": {
    "artifactDirectoryName": "serverless/test-python-new/dev/1676498268056-2023-02-15T21:57:48.056Z",
    "artifact": "test-python-new.zip"
  }
}